<?xml version="1.0"?>

<CATALOG>


<GAME>

<ID>1</ID>

<TITLE>Rocket League</TITLE>

<DEVELOPER>Psyonix</DEVELOPER>

<RELEASEYEAR>2015</RELEASEYEAR>

<PRICE>19.99</PRICE>

</GAME>


<GAME>

<ID>2</ID>

<TITLE>Mass Effect</TITLE>

<DEVELOPER>Bioware</DEVELOPER>

<RELEASEYEAR>2007</RELEASEYEAR>

<PRICE>59.99</PRICE>

</GAME>


<GAME>

<ID>3</ID>

<TITLE>Stardew Valley</TITLE>

<DEVELOPER>ConcernedApe</DEVELOPER>

<RELEASEYEAR>2016</RELEASEYEAR>

<PRICE>14.99</PRICE>

</GAME>


<GAME>

<ID>4</ID>

<TITLE>Dark Souls</TITLE>

<DEVELOPER>From Software</DEVELOPER>

<RELEASEYEAR>2011</RELEASEYEAR>

<PRICE>59.99</PRICE>

</GAME>


<GAME>

<ID>5</ID>

<TITLE>Minecraft</TITLE>

<DEVELOPER>Mojang</DEVELOPER>

<RELEASEYEAR>2011</RELEASEYEAR>

<PRICE>26.95</PRICE>

</GAME>

</CATALOG>