214010,1,236,18,6.9,0.05
214010,2,119,17,13.3,0.1
214010,3,188,17,3.9,0
214010,4,122,14,6.2,0.15
214010,5,131,17,10.9,0.05
214011,1,455,19,5.3,0.05
214011,2,398,8,7.9,0
214011,3,392,15,7,0.15
214011,4,260,2,7.1,0
214011,5,458,10,14.7,0.15
214012,1,407,17,4.5,0
214012,2,362,5,8.4,0
214012,3,452,14,5.3,0.15
214012,4,359,12,8.1,0.15
214012,5,299,2,11.9,0
214013,1,410,10,5.3,0.15
214013,2,317,17,8.1,0.05
214013,3,452,14,4.5,0.15
214013,4,212,19,7.2,0.05
214013,5,170,5,12.9,0
214013,6,299,5,11.9,0
214014,1,302,6,44.5,0.1
214014,2,212,15,7.2,0.15
214014,3,101,10,3.9,0.15
214014,4,167,19,7.8,0.05
214015,1,386,5,7.6,0
214015,2,332,15,10.4,0.15
214015,3,431,9,6,0
214015,4,215,1,7.4,0
214015,5,419,1,5.8,0
214015,6,374,4,8.4,0
214016,1,254,5,8.8,0
214016,2,452,1,5.3,0
214016,3,290,1,8,0
214016,4,251,6,3.8,0
214016,5,305,6,15.2,0
214017,1,395,17,5.2,0
214017,2,158,15,6.9,0.15
214017,3,251,11,3.8,0.15
214018,1,353,5,13.7,0
214018,2,311,17,8.9,0.05
214018,3,344,5,7,0
214018,4,239,10,15.3,0.15
214019,1,113,9,8.8,0
214019,2,440,8,5.9,0
214019,3,344,4,7,0
214019,4,221,3,5.3,0
214020,1,422,18,5.3,0
214020,2,449,18,7.6,0.05
214020,3,377,10,9.9,0.15
214020,4,398,11,5.9,0.15
214020,5,266,11,18,0.15
214021,1,407,12,5.3,0.15
214021,2,209,18,8.3,0.05
214022,1,353,5,6,0
214022,2,398,1,7.9,0
214022,3,206,9,12.2,0.05
214022,4,320,12,6.7,0.15
214023,1,359,17,8.1,0.05
214023,2,404,12,7.8,0.15
214023,3,194,13,6.5,0.15
214023,4,299,4,11.9,0
214024,1,191,9,11.7,0.05
214024,2,458,8,14.7,0.05
214025,1,353,18,13.7,0.1
214025,2,254,8,8.8,0
214025,3,185,5,4.3,0
214025,4,131,20,10.9,0.2
214026,1,440,7,7.7,0
214026,2,371,7,9.1,0
214026,3,350,14,13.1,0.15
214026,4,317,3,7.2,0
214027,1,353,13,6,0.15
214027,2,272,15,8,0.15
214027,3,212,11,7.2,0.15
214027,4,128,17,8.2,0.05
214027,5,170,19,12.9,0.1
214028,1,107,7,9.5,0
214028,2,470,13,15.5,0.15
214028,3,335,16,7.4,0.05
214028,4,374,10,8.4,0.15
214029,1,395,12,5.2,0.15
214029,2,389,2,5.6,0
214029,3,434,4,5.3,0
214029,4,245,8,5.8,0
214030,1,332,14,10.4,0.15
214030,2,425,7,7.9,0
214030,3,458,5,14.7,0
214030,4,326,19,4.7,0
214030,5,128,5,8.2,0
214031,1,431,4,7.9,0
214031,2,440,11,5.9,0.15
214031,3,176,6,11.5,0
214031,4,317,15,7.2,0.15
214031,5,101,7,3.9,0
214031,6,386,7,5.6,0
214032,1,380,7,9.3,0
214032,2,176,13,11.5,0.15
214032,3,236,14,6.9,0.15
214032,4,221,2,5.3,0
214033,1,455,2,5.3,0
214033,2,188,8,3.9,0
214033,3,260,13,7.1,0.15
214033,4,392,4,5.7,0
214033,5,194,11,6.5,0.15
214033,6,182,11,7.4,0.15
214034,1,353,3,6,0
214034,2,269,11,8.4,0.15
214034,3,398,20,7.9,0.2
214034,4,386,8,5.6,0
214035,1,332,20,10.4,0.2
214035,2,188,8,3.9,0
214035,3,260,17,7.1,0.05
214035,4,419,20,5.8,0.2
214035,5,416,2,6.4,0
214036,1,449,20,7.6,0.2
214036,2,353,2,13.7,0
214036,3,419,9,5.8,0
214036,4,317,7,7.2,0
214036,5,197,1,19,0
214037,1,449,20,7.6,0.2
214037,2,401,7,4.5,0
214037,3,164,13,22,0.15
214038,1,227,16,6.3,0.05
214038,2,185,12,4.3,0.15
214038,3,191,7,11.7,0
214038,4,359,1,12.9,0
214038,5,281,10,7.7,0.15
214039,1,227,12,6.3,0.15
214039,2,398,18,5.9,0.05
214039,3,209,5,8.3,0
214039,4,455,6,5.2,0
214039,5,365,20,7.5,0.2
214039,6,203,10,22.7,0.15
214040,1,116,14,8.1,0.15
214040,2,386,10,7.6,0.15
214040,3,269,9,8.4,0
214040,4,389,19,5.6,0.05
214040,5,323,15,10.8,0.15
214041,1,203,1,22.7,0
214041,2,413,12,7.6,0.15
214042,1,350,17,13.1,0.1
214042,2,251,4,3.8,0
214042,3,386,2,5.6,0
214042,4,230,1,7,0
214043,1,332,18,10.4,0.05
214043,2,425,3,7.9,0
214043,3,452,7,5.3,0
214043,4,356,11,12.9,0.15
214043,5,110,12,5.6,0.15
214044,1,401,20,4.5,0.2
214044,2,431,3,6,0
214044,3,209,19,8.3,0.05
214044,4,305,16,15.2,0.1
214044,5,437,13,5.3,0.15
214045,1,467,20,13.9,0.2
214045,2,119,4,13.3,0
214045,3,386,10,5.6,0.15
214045,4,356,11,12.9,0.15
214045,5,167,7,7.8,0
214045,6,281,17,7.7,0.05
214046,1,224,5,7.4,0
214046,2,338,3,8.2,0
214046,3,155,11,7.4,0.15
214047,1,320,3,6.7,0
214047,2,263,13,6.7,0.15
214047,3,287,19,9.9,0.05
214048,1,377,17,9.9,0.05
214048,2,449,11,5.6,0.15
214048,3,428,12,7,0.15
214048,4,158,13,6.9,0.15
214048,5,299,16,11.9,0.05
214048,6,173,12,11.6,0.15
214049,1,200,4,8.3,0
214049,2,104,13,7.4,0.15
214049,3,164,6,22,0.05
214049,4,374,18,8.4,0.05
214049,5,437,19,5.3,0.05
214050,1,278,3,8,0
214050,2,206,17,12.2,0.1
214050,3,452,9,5.3,0
214050,4,422,16,4.5,0
214051,1,224,6,7.4,0
214051,2,236,9,6.9,0
214051,3,143,6,9.9,0
214051,4,152,3,8.9,0
214052,1,449,17,7.6,0.05
214052,2,464,18,12.3,0.1
214052,3,398,20,7.9,0.2
214052,4,299,3,11.9,0
214053,1,113,11,8.8,0.15
214053,2,314,2,6.4,0
214053,3,278,12,8,0.15
214053,4,266,6,18,0.05
214053,5,287,3,9.9,0
214053,6,179,1,12.8,0
214054,1,443,16,6.6,0.05
214054,2,431,5,6,0
214054,3,146,14,9.1,0.15
214054,4,221,19,5.3,0.05
214054,5,251,20,3.8,0.2
214055,1,446,17,5.6,0
214055,2,419,15,6.4,0.15
214055,3,344,3,3.8,0
214055,4,167,10,7.8,0.15
214055,5,110,5,5.6,0
214056,1,443,17,6.6,0.05
214056,2,470,7,15.5,0.05
214056,3,377,6,9.9,0
214057,1,422,10,5.3,0.15
214057,2,221,9,5.3,0
214057,3,356,12,12.9,0.15
214058,1,443,11,4.5,0.15
214058,2,416,3,5.6,0
214058,3,170,3,12.9,0
214058,4,281,8,7.7,0
214059,1,470,18,15.5,0.1
214059,2,464,9,6.8,0
214059,3,437,19,4.5,0
214059,4,440,20,5.9,0.2
214059,5,359,9,12.9,0.05
214059,6,461,9,16.1,0.05
214060,1,353,8,6,0
214060,2,344,18,3.8,0
214061,1,278,2,8,0
214061,2,392,7,7,0
214061,3,422,1,4.5,0
214061,4,188,19,3.9,0
214062,1,116,6,8.1,0
214062,2,377,7,9.9,0
214062,3,290,12,8,0.15
214063,1,407,2,5.3,0
214063,2,185,13,4.3,0.15
214063,3,236,17,6.9,0.05
214063,4,287,17,9.9,0.05
214063,5,437,15,5.3,0.15
214064,1,275,10,8,0.15
214064,2,383,16,5.5,0
214064,3,164,5,22,0.05
214064,4,263,14,6.7,0.15
214064,5,299,10,11.9,0.15
214065,1,434,17,4.5,0
214065,2,245,11,5.8,0.15
214065,3,425,4,5.9,0
214065,4,263,4,6.7,0
214065,5,272,20,8,0.2
214066,1,113,8,8.8,0
214066,2,254,3,8.8,0
214066,3,314,8,6.4,0
214066,4,416,1,5.6,0
214066,5,356,1,12.9,0
214067,1,401,16,5.3,0
214067,2,209,13,8.3,0.15
214067,3,416,4,5.6,0
214067,4,458,17,14.7,0.1
214068,1,443,6,6.6,0
214068,2,392,16,7,0.05
214068,3,335,1,7.4,0
214068,4,290,12,8,0.15
214069,1,344,13,3.8,0.15
214069,2,272,8,8,0
214069,3,386,15,5.6,0.15
214069,4,299,18,11.9,0.1
214070,1,362,6,8.4,0
214070,2,263,12,6.7,0.15
214070,3,461,12,16.1,0.15
214070,4,284,14,9.6,0.15
214071,1,314,12,6.4,0.15
214071,2,353,9,6,0
214071,3,377,20,9.9,0.2
214071,4,431,16,7.9,0.05
214071,5,140,13,7.5,0.15
214071,6,437,3,5.3,0
214072,1,431,16,7.9,0.05
214072,2,185,2,4.3,0
214072,3,419,9,5.8,0
214072,4,290,8,8,0
214072,5,152,11,8.9,0.15
214073,1,407,20,5.3,0.2
214073,2,464,2,6.8,0
214073,3,326,17,4.7,0
214073,4,167,18,7.8,0.05
214074,1,434,5,4.5,0
214074,2,176,8,11.5,0
214074,3,434,9,5.3,0
214074,4,296,16,8.8,0.05
214075,1,395,17,5.3,0
214075,2,101,4,5.5,0
214075,3,290,10,8,0.15
214075,4,230,13,7,0.15
214075,5,404,16,5.8,0
214076,1,137,13,19.8,0.15
214076,2,257,7,10.9,0
214076,3,422,6,4.5,0
214076,4,212,20,7.2,0.2
214077,1,437,14,4.5,0.15
214077,2,227,11,6.3,0.15
214077,3,146,5,9.1,0
214077,4,383,15,5.5,0.15
214077,5,428,11,7,0.15
214077,6,452,3,4.5,0
214078,1,464,2,6.8,0
214078,2,419,20,6.4,0.2
214078,3,314,18,6.4,0.05
214078,4,239,2,15.3,0
214078,5,260,3,7.1,0
214079,1,395,2,5.2,0
214079,2,146,2,9.1,0
214079,3,221,11,5.3,0.15
214080,1,365,12,7.5,0.15
214080,2,164,5,22,0.05
214080,3,263,16,6.7,0.05
214080,4,233,8,7.1,0
214081,1,377,18,9.9,0.05
214081,2,140,5,7.5,0
214081,3,332,17,10.4,0.05
214081,4,146,17,9.1,0.05
214081,5,383,11,7.2,0.15
214081,6,284,11,9.6,0.15
214082,1,440,6,5.9,0
214082,2,263,17,6.7,0.05
214082,3,416,17,6.4,0.05
214082,4,461,6,16.1,0
214082,5,182,19,7.4,0.05
214083,1,134,18,10.3,0.05
214083,2,464,1,6.8,0
214083,3,383,18,7.2,0.05
214083,4,284,19,9.6,0.05
214084,1,449,19,7.6,0.05
214084,2,464,12,12.3,0.15
214084,3,332,6,10.4,0
214084,4,182,7,7.4,0
214085,1,278,15,8,0.15
214085,2,125,14,7,0.15
214085,3,344,2,7,0
214085,4,419,20,5.8,0.2
214085,5,323,13,10.8,0.15
214086,1,254,13,8.8,0.15
214086,2,431,5,7.9,0
214086,3,293,8,8.6,0
214086,4,110,2,5.6,0
214087,1,470,10,15.5,0.15
214087,2,380,1,9.3,0
214087,3,344,3,7,0
214087,4,257,9,10.9,0
214088,1,410,6,4.5,0
214088,2,137,11,19.8,0.15
214088,3,257,7,10.9,0
214088,4,437,18,5.3,0
214088,5,182,12,7.4,0.15
214089,1,125,2,7,0
214089,2,335,19,7.4,0.05
214089,3,239,7,15.3,0.05
214089,4,143,17,9.9,0.05
214089,5,308,14,10.2,0.15
214090,1,101,3,5.5,0
214090,2,236,19,6.9,0.05
214090,3,422,6,4.5,0
214090,4,284,8,9.6,0
214091,1,203,7,22.7,0.05
214091,2,452,17,5.3,0
214092,1,419,18,6.4,0.05
214092,2,404,11,5.8,0.15
214093,1,401,2,4.5,0
214093,2,119,16,13.3,0.1
214093,3,251,10,3.8,0.15
214093,4,170,5,12.9,0
214094,1,335,10,7.4,0.15
214094,2,446,6,5.6,0
214094,3,146,20,9.1,0.2
214094,4,365,1,7.5,0
214094,5,188,9,3.9,0
214095,1,407,16,4.5,0
214095,2,467,8,13.9,0.05
214095,3,245,19,5.8,0.05
214095,4,374,12,8.4,0.15
214095,5,392,3,5.7,0
214096,1,431,2,7.9,0
214096,2,119,9,13.3,0.05
214096,3,386,9,5.6,0
214097,1,470,4,15.5,0
214097,2,278,3,8,0
214097,3,392,3,7,0
214097,4,374,9,8.4,0
214097,5,305,16,15.2,0.1
214097,6,155,18,7.4,0.05
214098,1,422,8,5.3,0
214098,2,338,8,8.2,0
214098,3,440,13,5.9,0.15
214098,4,101,6,5.5,0
214099,1,449,12,5.6,0.15
214099,2,434,6,4.5,0
214099,3,203,2,22.7,0
214099,4,308,2,10.2,0
214099,5,182,14,7.4,0.15
214100,1,395,16,5.2,0
214100,2,185,12,4.3,0.15
214100,3,452,9,4.5,0
214100,4,287,1,9.9,0
214101,1,464,14,6.8,0.15
214101,2,314,7,6.4,0
214101,3,359,19,12.9,0.1
214101,4,230,16,7,0.05
214101,5,428,15,3.8,0.15
214102,1,422,7,5.3,0
214102,2,146,3,13.1,0
214102,3,266,8,18,0.05
214102,4,419,6,5.8,0
214102,5,356,20,12.9,0.2
214102,6,194,1,6.5,0
214103,1,449,19,7.6,0.05
214103,2,431,13,6,0.15
214103,3,131,7,10.9,0
214103,4,461,1,16.1,0
214103,5,155,13,7.4,0.15
214104,1,464,17,12.3,0.1
214104,2,185,17,5.3,0
214104,3,197,17,19,0.15
214104,4,299,4,11.9,0
214105,1,140,9,7.5,0
214105,2,104,7,7.4,0
214105,3,236,7,6.9,0
214105,4,317,2,7.2,0
214105,5,416,20,6.4,0.2
214105,6,194,4,6.5,0
214106,1,269,11,8.4,0.15
214106,2,401,7,5.3,0
214106,3,389,4,5.6,0
214107,1,134,16,10.3,0.05
214107,2,347,11,8.6,0.15
214107,3,302,4,44.5,0.05
214107,4,323,11,10.8,0.15
214108,1,353,13,13.7,0.15
214108,2,401,10,5.3,0.15
214108,3,455,19,5.2,0
214108,4,320,17,6.7,0.05
214108,5,461,10,16.1,0.15
214108,6,281,2,7.7,0
214109,1,353,15,6,0.15
214109,2,221,1,5.3,0
214109,3,386,6,5.6,0
214110,1,440,6,7.7,0
214110,2,140,12,7.5,0.15
214110,3,164,17,22,0.15
214111,1,407,5,5.3,0
214111,2,164,12,22,0.15
214111,3,182,6,7.4,0
214111,4,428,16,3.8,0
214111,5,284,16,9.6,0.05
214112,1,116,10,8.1,0.15
214112,2,185,18,4.3,0
214112,3,137,9,19.8,0.05
214112,4,239,3,15.3,0
214112,5,152,2,8.9,0
214113,1,275,17,8,0.05
214113,2,362,5,8.4,0
214113,3,458,18,14.7,0.1
214114,1,332,20,10.4,0.2
214114,2,413,18,5.6,0.05
214114,3,446,5,5.6,0
214114,4,104,9,7.4,0
214114,5,374,7,8.4,0
214115,1,458,11,8,0.15
214115,2,356,7,12.9,0
214115,3,392,14,5.7,0.15
214115,4,194,17,6.5,0.05
214116,1,443,16,6.6,0.05
214116,2,302,7,44.5,0.15
214116,3,359,16,8.1,0.05
214116,4,179,15,12.8,0.15
214116,5,428,18,3.8,0
214117,1,419,4,5.8,0
214117,2,413,2,7.6,0
214117,3,167,5,7.8,0
214117,4,296,10,8.8,0.15
214118,1,368,16,9.5,0.05
214118,2,206,13,12.2,0.15
214118,3,236,11,6.9,0.15
214118,4,305,8,15.2,0.05
214119,1,101,7,5.5,0
214119,2,425,7,7.9,0
214119,3,221,19,5.3,0.05
214119,4,170,3,12.9,0
214119,5,233,15,7.1,0.15
214120,1,368,18,9.5,0.05
214120,2,314,15,6.4,0.15
214120,3,260,2,7.1,0
214120,4,404,13,7.8,0.15
214121,1,146,14,13.1,0.15
214121,2,146,13,9.1,0.15
214121,3,428,14,7,0.15
214121,4,317,13,8.1,0.15
214121,5,392,20,5.7,0.2
214122,1,269,12,8.4,0.15
214122,2,464,5,12.3,0
214122,3,434,1,4.5,0
214122,4,257,18,10.9,0.05
214123,1,116,10,8.1,0.15
214123,2,422,15,4.5,0.15
214123,3,404,3,7.8,0
214123,4,182,12,7.4,0.15
214124,1,470,2,15.5,0
214124,2,368,19,9.5,0.05
214124,3,125,11,7,0.15
214124,4,215,19,7.4,0.05
214124,5,305,4,15.2,0
214125,1,470,4,15.5,0
214125,2,368,18,9.5,0.05
214125,3,191,3,11.7,0
214125,4,386,11,5.6,0.15
214125,5,161,14,5.6,0.15
214126,1,107,5,9.5,0
214126,2,164,18,22,0.15
214126,3,161,3,5.6,0
214127,1,449,8,7.6,0
214127,2,431,14,6,0.15
214127,3,374,2,8.4,0
214127,4,428,15,3.8,0.15
214128,1,470,17,15.5,0.1
214128,2,386,4,7.6,0
214128,3,359,12,8.1,0.15
214128,4,281,2,7.7,0
214129,1,449,12,7.6,0.15
214129,2,104,17,7.4,0.05
214129,3,344,5,3.8,0
214129,4,239,9,15.3,0.05
214129,5,266,2,18,0
214130,1,113,3,8.8,0
214130,2,449,18,5.6,0.05
214130,3,350,8,13.1,0.05
214130,4,452,6,4.5,0
214130,5,110,11,5.6,0.15
214131,1,113,12,8.8,0.15
214131,2,332,20,10.4,0.2
214131,3,431,9,6,0
214131,4,365,6,7.5,0
214131,5,416,11,5.6,0.15
214131,6,356,13,12.9,0.15
214132,1,116,2,8.1,0
214132,2,386,7,7.6,0
214132,3,146,17,9.1,0.05
214132,4,350,3,13.1,0
214132,5,236,2,6.9,0
214132,6,287,7,9.9,0
214133,1,338,17,8.2,0.05
214133,2,206,20,12.2,0.2
214133,3,410,8,4.5,0
214133,4,230,19,7,0.05
214134,1,314,12,6.4,0.15
214134,2,302,11,44.5,0.15
214134,3,425,17,5.9,0.05
214134,4,461,11,16.1,0.15
214135,1,245,2,5.8,0
214135,2,452,9,5.3,0
214135,3,263,11,6.7,0.15
214136,1,347,19,8.6,0.05
214136,2,368,16,9.5,0.05
214136,3,431,16,6,0
214136,4,365,14,7.5,0.15
214136,5,290,3,8,0
214136,6,416,12,6.4,0.15
214136,7,323,20,10.8,0.2
214137,1,407,16,5.3,0
214137,2,449,1,5.6,0
214137,3,395,3,5.3,0
214137,4,344,13,7,0.15
214137,5,197,3,19,0
214138,1,224,20,7.4,0.2
214138,2,335,6,7.4,0
214138,3,131,1,10.9,0
214139,1,455,1,5.2,0
214139,2,350,4,13.1,0
214139,3,182,13,7.4,0.15
214140,1,440,16,7.7,0.05
214140,2,380,17,9.3,0.05
214140,3,170,14,12.9,0.15
214140,4,461,12,16.1,0.15
214140,5,296,2,8.8,0
214141,1,443,13,6.6,0.15
214141,2,398,17,7.9,0.05
214141,3,197,8,19,0.05
214141,4,251,1,3.8,0
214141,5,458,12,8,0.15
214142,1,395,13,5.2,0.15
214142,2,467,16,13.9,0.1
214142,3,143,18,9.9,0.05
214142,4,296,12,8.8,0.15
214142,5,428,5,3.8,0
214143,1,314,6,6.4,0
214143,2,206,19,12.2,0.1
214143,3,467,11,13.9,0.15
214143,4,308,16,10.2,0.05
214144,1,146,19,9.1,0.05
214144,2,455,15,5.2,0.15
214144,3,203,4,22.7,0
214144,4,161,17,5.6,0
214144,5,299,14,11.9,0.15
214145,1,125,3,7,0
214145,2,185,11,5.3,0.15
214145,3,395,7,5.3,0
214145,4,143,19,9.9,0.05
214145,5,101,15,3.9,0.15
214145,6,404,5,7.8,0
214146,1,278,5,8,0
214146,2,401,2,4.5,0
214146,3,359,11,12.9,0.15
214147,1,422,12,5.3,0.15
214147,2,455,20,5.3,0.2
214147,3,449,14,5.6,0.15
214147,4,344,15,3.8,0.15
214147,5,119,6,13.3,0
214147,6,305,18,15.2,0.1
214148,1,464,6,6.8,0
214148,2,410,6,5.3,0
214148,3,404,16,5.8,0
214148,4,128,9,8.2,0
214148,5,284,8,9.6,0
214149,1,125,4,7,0
214149,2,419,13,6.4,0.15
214149,3,386,7,5.6,0
214149,4,356,8,12.9,0.05
214150,1,437,20,4.5,0.2
214150,2,302,20,44.5,0.2
214150,3,365,20,7.5,0.2
214150,4,296,9,8.8,0
214151,1,224,20,7.4,0.2
214151,2,215,15,7.4,0.15
214151,3,380,10,9.3,0.15
214151,4,245,4,5.8,0
214151,5,152,2,8.9,0
214152,1,185,6,5.3,0
214152,2,374,19,8.4,0.05
214152,3,458,3,14.7,0
214152,4,158,5,6.9,0
214153,1,386,12,7.6,0.15
214153,2,383,3,7.2,0
214153,3,317,2,8.1,0
214153,4,158,1,6.9,0
214154,1,455,6,5.3,0
214154,2,392,16,7,0.05
214154,3,389,19,5.6,0.05
214154,4,335,5,7.4,0
214154,5,137,4,19.8,0
214154,6,152,2,8.9,0
214155,1,134,3,10.3,0
214155,2,347,1,8.6,0
214155,3,185,1,5.3,0
214155,4,245,11,5.8,0.15
214155,5,167,1,7.8,0
214156,1,335,11,7.4,0.15
214156,2,314,16,6.4,0.05
214156,3,257,7,10.9,0
214156,4,248,1,7.2,0
214157,1,362,15,8.4,0.15
214157,2,458,12,14.7,0.15
214157,3,230,4,7,0
214157,4,404,8,5.8,0
214158,1,449,20,7.6,0.2
214158,2,101,5,5.5,0
214158,3,170,12,12.9,0.15
214158,4,131,17,10.9,0.05
214159,1,401,17,4.5,0
214159,2,413,17,5.6,0
214159,3,314,13,6.4,0.15
214159,4,344,20,7,0.2
214160,1,311,4,8.9,0
214160,2,362,9,8.4,0
214160,3,431,1,7.9,0
214160,4,146,4,13.1,0
214160,5,221,5,5.3,0
214161,1,443,12,6.6,0.15
214161,2,431,4,6,0
214161,3,137,12,19.8,0.15
214161,4,356,20,12.9,0.2
214162,1,464,14,12.3,0.15
214162,2,455,19,5.2,0
214162,3,302,8,44.5,0.15
214162,4,128,3,8.2,0
214162,5,308,8,10.2,0
214163,1,347,4,8.6,0
214163,2,440,19,5.9,0.05
214163,3,380,17,9.3,0.05
214163,4,314,10,6.4,0.15
214164,1,407,20,5.3,0.2
214164,2,467,3,13.9,0
214164,3,119,8,13.3,0.05
214164,4,230,17,7,0.05
214164,5,179,2,12.8,0
214164,6,110,20,5.6,0.2
214165,1,389,14,5.6,0.15
214165,2,290,5,8,0
214165,3,452,17,4.5,0
214165,4,173,3,11.6,0
214165,5,281,8,7.7,0
214166,1,395,3,5.2,0
214166,2,398,6,7.9,0
214166,3,215,20,7.4,0.2
214166,4,410,11,4.5,0.15
214166,5,317,16,8.1,0.05
214166,6,404,2,7.8,0
214167,1,407,16,4.5,0
214167,2,191,15,11.7,0.15
214167,3,392,10,5.7,0.15
214168,1,113,15,8.8,0.15
214168,2,221,1,5.3,0
214168,3,284,13,9.6,0.15
214169,1,449,3,5.6,0
214169,2,410,2,4.5,0
214169,3,365,11,7.5,0.15
214169,4,305,20,15.2,0.2
214169,5,179,15,12.8,0.15
214170,1,407,19,5.3,0.05
214170,2,119,14,13.3,0.15
214170,3,152,2,8.9,0
214171,1,116,17,8.1,0.05
214171,2,200,13,8.3,0.15
214171,3,239,4,15.3,0
214171,4,290,12,8,0.15
214172,1,278,10,8,0.15
214172,2,239,13,15.3,0.15
214172,3,323,6,10.8,0
214173,1,113,18,8.8,0.05
214173,2,386,16,7.6,0.05
214173,3,293,7,8.6,0
214173,4,287,15,9.9,0.15
214173,5,182,13,7.4,0.15
214174,1,449,2,7.6,0
214174,2,425,6,7.9,0
214174,3,350,13,13.1,0.15
214174,4,422,16,4.5,0
214174,5,284,7,9.6,0
214175,1,353,15,13.7,0.15
214175,2,470,5,15.5,0
214175,3,434,6,4.5,0
214175,4,386,4,5.6,0
214175,5,161,19,5.6,0.05
214176,1,314,6,6.4,0
214176,2,401,2,4.5,0
214176,3,242,6,7.7,0
214176,4,203,17,22.7,0.15
214176,5,317,9,8.1,0
214176,6,263,14,6.7,0.15
214177,1,362,9,8.4,0
214177,2,383,3,5.5,0
214177,3,452,8,4.5,0
214177,4,179,20,12.8,0.2
214178,1,269,1,8.4,0
214178,2,380,15,9.3,0.15
214178,3,428,8,7,0
214178,4,374,14,8.4,0.15
214178,5,281,20,7.7,0.2
214179,1,221,4,5.3,0
214179,2,404,4,5.8,0
214179,3,170,2,12.9,0
214180,1,395,9,5.2,0
214180,2,434,17,5.3,0
214180,3,203,15,22.7,0.15
214180,4,164,2,22,0
214180,5,443,17,4.5,0
214181,1,113,15,8.8,0.15
214181,2,134,16,10.3,0.05
214181,3,119,1,13.3,0
214181,4,296,12,8.8,0.15
214182,1,422,15,5.3,0.15
214182,2,389,19,5.6,0.05
214182,3,350,3,13.1,0
214182,4,197,8,19,0.05
214183,1,134,12,10.3,0.15
214183,2,353,15,13.7,0.15
214183,3,443,6,6.6,0
214183,4,248,18,7.2,0.05
214184,1,419,10,6.4,0.15
214184,2,209,10,8.3,0.15
214184,3,137,5,19.8,0
214184,4,422,16,4.5,0
214184,5,404,20,5.8,0.2
214185,1,242,5,7.7,0
214185,2,182,17,7.4,0.05
214185,3,173,4,11.6,0
214186,1,269,13,8.4,0.15
214186,2,455,7,5.2,0
214186,3,308,13,10.2,0.15
214186,4,179,13,12.8,0.15
214186,5,299,2,11.9,0
214187,1,176,5,11.5,0
214187,2,455,6,5.2,0
214187,3,425,3,5.9,0
214187,4,260,13,7.1,0.15
214187,5,131,5,10.9,0
214188,1,386,3,7.6,0
214188,2,440,12,5.9,0.15
214188,3,455,16,5.2,0
214188,4,104,2,7.4,0
214188,5,350,7,13.1,0
214189,1,443,15,6.6,0.15
214189,2,407,7,4.5,0
214189,3,206,4,12.2,0
214189,4,221,11,5.3,0.15
214189,5,287,19,9.9,0.05
214189,6,233,4,7.1,0
214189,7,461,3,16.1,0
214190,1,440,15,7.7,0.15
214190,2,335,8,7.4,0
214190,3,434,7,5.3,0
214190,4,467,16,13.9,0.1
214191,1,359,3,8.1,0
214191,2,272,19,8,0.05
214191,3,170,7,12.9,0
214192,1,440,7,7.7,0
214192,2,269,10,8.4,0.15
214192,3,101,5,5.5,0
214192,4,359,19,8.1,0.05
214192,5,161,3,5.6,0
214193,1,113,6,8.8,0
214193,2,254,20,8.8,0.2
214193,3,344,19,3.8,0
214193,4,422,17,4.5,0
214193,5,428,20,3.8,0.2
214193,6,281,4,7.7,0
214194,1,425,2,7.9,0
214194,2,155,7,7.4,0
214195,1,107,10,9.5,0.15
214195,2,353,18,6,0.05
214195,3,467,14,13.9,0.15
214195,4,365,3,7.5,0
214195,5,383,15,7.2,0.15
214196,1,464,5,6.8,0
214196,2,395,2,5.2,0
214196,3,335,16,7.4,0.05
214196,4,185,16,4.3,0
214196,5,239,5,15.3,0
214196,6,263,17,6.7,0.05
214197,1,107,9,9.5,0
214197,2,458,4,14.7,0
214198,1,338,19,8.2,0.05
214198,2,380,11,9.3,0.15
214198,3,146,15,9.1,0.15
214198,4,452,12,5.3,0.15
214198,5,320,11,6.7,0.15
214199,1,455,18,5.3,0
214199,2,113,11,8.8,0.15
214199,3,278,13,8,0.15
214199,4,395,15,5.2,0.15
214199,5,125,19,7,0.05
214199,6,188,19,3.9,0
214199,7,167,16,7.8,0.05
214200,1,254,12,8.8,0.15
214200,2,227,5,6.3,0
214200,3,344,6,7,0
214200,4,257,4,10.9,0
214201,1,254,9,8.8,0
214201,2,380,6,9.3,0
214201,3,383,14,5.5,0.15
214201,4,272,14,8,0.15
214201,5,221,6,5.3,0
214201,6,182,4,7.4,0
214202,1,407,1,4.5,0
214202,2,257,11,10.9,0.15
214202,3,197,1,19,0
214202,4,230,13,7,0.15
214202,5,308,20,10.2,0.2
214203,1,407,1,4.5,0
214203,2,416,15,6.4,0.15
214203,3,155,17,7.4,0.05
214204,1,101,20,5.5,0.2
214204,2,344,9,3.8,0
214204,3,305,4,15.2,0
214204,4,323,8,10.8,0
214205,1,113,17,8.8,0.05
214205,2,464,15,6.8,0.15
214205,3,146,4,13.1,0
214205,4,428,19,7,0.05
214205,5,131,16,10.9,0.05
214206,1,185,3,5.3,0
214206,2,242,19,7.7,0.05
214206,3,443,3,4.5,0
214206,4,221,2,5.3,0
214207,1,311,5,8.9,0
214207,2,191,14,11.7,0.15
214207,3,170,16,12.9,0.1
214207,4,392,14,5.7,0.15
214207,5,323,1,10.8,0
214207,6,173,15,11.6,0.15
214208,1,209,17,8.3,0.05
214208,2,302,16,44.5,0.25
214208,3,374,7,8.4,0
214208,4,221,12,5.3,0.15
214208,5,341,13,8,0.15
214209,1,353,18,6,0.05
214209,2,314,11,6.4,0.15
214209,3,206,5,12.2,0
214209,4,419,17,5.8,0
214209,5,143,2,9.9,0
214210,1,113,2,8.8,0
214210,2,407,14,5.3,0.15
214210,3,311,4,8.9,0
214210,4,257,15,10.9,0.15
214210,5,251,10,3.8,0.15
214211,1,254,6,8.8,0
214211,2,335,12,7.4,0.15
214211,3,119,18,13.3,0.1
214211,4,416,5,5.6,0
214211,5,308,17,10.2,0.05
214212,1,224,12,7.4,0.15
214212,2,206,6,12.2,0
214212,3,104,6,7.4,0
214212,4,452,11,4.5,0.15
214212,5,461,9,16.1,0.05
214213,1,314,15,6.4,0.15
214213,2,398,19,7.9,0.05
214213,3,431,17,6,0.05
214213,4,335,19,7.4,0.05
214213,5,467,9,13.9,0.05
214213,6,458,10,8,0.15
214214,1,443,5,4.5,0
214214,2,251,11,3.8,0.15
214214,3,131,4,10.9,0
214214,4,437,3,5.3,0
214215,1,407,3,4.5,0
214215,2,248,10,7.2,0.15
214215,3,404,14,7.8,0.15
214216,1,449,8,5.6,0
214216,2,398,8,5.9,0
214216,3,119,17,13.3,0.1
214216,4,101,14,3.9,0.15
214216,5,233,14,7.1,0.15
214217,1,416,9,5.6,0
214217,2,413,7,7.6,0
214217,3,323,13,10.8,0.15
214218,1,413,20,5.6,0.2
214219,1,134,7,10.3,0
214219,2,362,7,8.4,0
214219,3,203,16,22.7,0.15
214219,4,260,14,7.1,0.15
214219,5,110,14,5.6,0.15
214220,1,401,15,5.3,0.15
214220,2,338,15,8.2,0.15
214220,3,410,8,4.5,0
214220,4,443,6,4.5,0
214220,5,158,10,6.9,0.15
214220,6,413,19,7.6,0.05
214221,1,377,17,9.9,0.05
214221,2,431,3,7.9,0
214221,3,320,6,6.7,0
214221,4,170,18,12.9,0.1
214221,5,323,16,10.8,0.05
214222,1,470,2,15.5,0
214222,2,317,14,7.2,0.15
214222,3,374,11,8.4,0.15
214222,4,152,13,8.9,0.15
214223,1,440,17,5.9,0.05
214223,2,293,3,8.6,0
214223,3,434,15,5.3,0.15
214224,1,269,4,8.4,0
214224,2,338,5,8.2,0
214224,3,185,11,4.3,0.15
214224,4,296,10,8.8,0.15
214225,1,398,10,5.9,0.15
214225,2,419,16,6.4,0.05
214225,3,419,19,5.8,0.05
214225,4,230,4,7,0
214225,5,296,11,8.8,0.15
214226,1,314,10,6.4,0.15
214226,2,206,4,12.2,0
214226,3,383,10,7.2,0.15
214227,1,365,15,7.5,0.15
214227,2,230,3,7,0
214227,3,233,20,7.1,0.2
214228,1,308,12,10.2,0.15
214228,2,287,7,9.9,0
214229,1,353,6,13.7,0
214229,2,254,19,8.8,0.05
214229,3,431,11,6,0.15
214229,4,284,2,9.6,0
214230,1,470,20,15.5,0.2
214230,2,431,20,7.9,0.2
214230,3,458,5,14.7,0
214230,4,356,13,12.9,0.15
214230,5,413,17,7.6,0.05
214230,6,299,17,11.9,0.1
214231,1,449,13,7.6,0.15
214231,2,134,10,10.3,0.15
214231,3,389,12,5.6,0.15
214231,4,359,1,8.1,0
214231,5,287,13,9.9,0.15
214232,1,371,10,9.1,0.15
214232,2,125,15,7,0.15
214232,3,452,16,5.3,0
214232,4,413,14,7.6,0.15
214232,5,308,10,10.2,0.15
214233,1,185,10,4.3,0.15
214233,2,248,20,7.2,0.2
214233,3,305,10,15.2,0.15
214233,4,404,2,5.8,0
214233,5,155,12,7.4,0.15
214234,1,440,16,7.7,0.05
214234,2,311,9,8.9,0
214234,3,434,14,4.5,0.15
214234,4,389,4,5.6,0
214234,5,245,8,5.8,0
214235,1,455,20,5.3,0.2
214235,2,431,20,6,0.2
214235,3,206,15,12.2,0.15
214235,4,392,2,5.7,0
214236,1,113,16,8.8,0.05
214236,2,398,11,7.9,0.15
214236,3,434,6,5.3,0
214236,4,239,17,15.3,0.1
214236,5,461,6,16.1,0
214237,1,440,16,5.9,0
214237,2,380,19,9.3,0.05
214237,3,266,15,18,0.15
214237,4,443,1,4.5,0
214237,5,170,14,12.9,0.15
214238,1,107,19,9.5,0.05
214238,2,215,10,7.4,0.15
214238,3,287,7,9.9,0
214238,4,284,6,9.6,0
214239,1,395,20,5.3,0.2
214239,2,419,16,6.4,0.05
214239,3,146,9,9.1,0
214239,4,101,14,5.5,0.15
214239,5,308,18,10.2,0.05
214240,1,335,12,7.4,0.15
214240,2,434,1,5.3,0
214240,3,359,9,8.1,0
214240,4,251,3,3.8,0
214241,1,455,3,5.2,0
214241,2,443,16,4.5,0
214241,3,359,6,8.1,0
214241,4,152,15,8.9,0.15
214242,1,401,11,4.5,0.15
214242,2,230,14,7,0.15
214242,3,308,7,10.2,0
214242,4,404,12,7.8,0.15
214243,1,116,2,8.1,0
214243,2,206,11,12.2,0.15
214243,3,263,16,6.7,0.05
214243,4,179,15,12.8,0.15
214244,1,335,2,7.4,0
214244,2,104,13,7.4,0.15
214244,3,137,10,19.8,0.15
214244,4,263,9,6.7,0
214244,5,212,10,7.2,0.15
214244,6,404,3,5.8,0
214245,1,377,12,9.9,0.15
214245,2,293,7,8.6,0
214245,3,314,13,6.4,0.15
214245,4,242,16,7.7,0.05
214245,5,182,1,7.4,0
214246,1,278,8,8,0
214246,2,248,15,7.2,0.15
214246,3,131,17,10.9,0.05
214246,4,428,17,3.8,0
214247,1,368,10,9.5,0.15
214247,2,362,3,8.4,0
214247,3,395,2,5.3,0
214247,4,260,14,7.1,0.15
214247,5,248,18,7.2,0.05
214248,1,116,13,8.1,0.15
214248,2,401,12,4.5,0.15
214248,3,368,15,9.5,0.15
214248,4,242,20,7.7,0.2
214248,5,356,13,12.9,0.15
214249,1,185,20,4.3,0.2
214249,2,434,4,5.3,0
214249,3,359,13,12.9,0.15
214249,4,248,9,7.2,0
214250,1,443,4,6.6,0
214250,2,401,12,5.3,0.15
214250,3,419,8,5.8,0
214251,1,338,20,8.2,0.2
214251,2,164,9,22,0.05
214251,3,416,2,6.4,0
214252,1,242,16,7.7,0.05
214252,2,458,10,8,0.15
214252,3,155,17,7.4,0.05
214253,1,410,7,5.3,0
214253,2,455,20,5.2,0.2
214253,3,467,2,13.9,0
214253,4,260,15,7.1,0.15
214253,5,374,15,8.4,0.15
214254,1,224,19,7.4,0.05
214254,2,260,1,7.1,0
214254,3,317,8,8.1,0
214254,4,359,15,8.1,0.15
214255,1,113,10,8.8,0.15
214255,2,134,1,10.3,0
214255,3,254,3,8.8,0
214255,4,401,12,4.5,0.15
214255,5,467,7,13.9,0
214255,6,236,8,6.9,0
214256,1,377,6,9.9,0
214256,2,398,11,7.9,0.15
214256,3,131,3,10.9,0
214257,1,134,2,10.3,0
214257,2,293,9,8.6,0
214257,3,236,11,6.9,0.15
214257,4,203,3,22.7,0
214257,5,152,12,8.9,0.15
214258,1,398,11,7.9,0.15
214258,2,443,8,4.5,0
214258,3,233,17,7.1,0.05
214259,1,278,7,8,0
214259,2,386,16,5.6,0
214259,3,167,4,7.8,0
214260,1,116,16,8.1,0.05
214260,2,176,1,11.5,0
214260,3,245,7,5.8,0
214260,4,320,4,6.7,0
214261,1,380,8,9.3,0
214261,2,137,2,19.8,0
214261,3,344,8,3.8,0
214261,4,374,19,8.4,0.05
214261,5,386,6,5.6,0
214262,1,311,18,8.9,0.05
214262,2,221,3,5.3,0
214262,3,326,15,4.7,0.15
214262,4,386,2,5.6,0
214263,1,398,17,7.9,0.05
214263,2,419,14,6.4,0.15
214263,3,383,15,7.2,0.15
214263,4,437,3,5.3,0
214263,5,182,18,7.4,0.05
214264,1,353,18,13.7,0.1
214264,2,101,15,5.5,0.15
214264,3,236,12,6.9,0.15
214264,4,317,15,7.2,0.15
214264,5,413,8,7.6,0
214264,6,461,17,16.1,0.1
214265,1,314,4,6.4,0
214265,2,407,16,4.5,0
214265,3,464,12,12.3,0.15
214265,4,167,7,7.8,0
214266,1,269,1,8.4,0
214266,2,464,17,12.3,0.1
214266,3,293,8,8.6,0
214266,4,326,12,4.7,0.15
214267,1,470,14,15.5,0.15
214267,2,383,16,7.2,0.05
214267,3,143,10,9.9,0.15
214267,4,212,3,7.2,0
214268,1,440,12,7.7,0.15
214268,2,140,1,7.5,0
214268,3,416,13,5.6,0.15
214268,4,128,2,8.2,0
214269,1,443,17,6.6,0.05
214269,2,227,17,6.3,0.05
214269,3,467,5,13.9,0
214269,4,230,11,7,0.15
214269,5,392,8,5.7,0
214270,1,146,14,9.1,0.15
214270,2,206,13,12.2,0.15
214270,3,239,8,15.3,0.05
214270,4,326,14,4.7,0.15
214270,5,161,6,5.6,0
214270,6,131,8,10.9,0
214271,1,377,12,9.9,0.15
214271,2,389,6,5.6,0
214271,3,242,6,7.7,0
214271,4,416,12,5.6,0.15
214271,5,152,7,8.9,0
214272,1,116,10,8.1,0.15
214272,2,410,7,5.3,0
214272,3,203,13,22.7,0.15
214272,4,128,9,8.2,0
214272,5,404,17,7.8,0.05
214272,6,152,20,8.9,0.2
214273,1,380,4,9.3,0
214273,2,206,11,12.2,0.15
214273,3,161,18,5.6,0.05
214274,1,395,17,5.3,0
214274,2,431,17,6,0.05
214274,3,458,12,14.7,0.15
214274,4,404,4,7.8,0
214275,1,140,13,7.5,0.15
214275,2,227,18,6.3,0.05
214275,3,440,8,5.9,0
214275,4,212,7,7.2,0
214275,5,386,8,5.6,0
214276,1,431,14,7.9,0.15
214276,2,176,1,11.5,0
214276,3,170,13,12.9,0.15
214276,4,161,16,5.6,0
214276,5,155,4,7.4,0
214277,1,101,17,5.5,0
214277,2,137,14,19.8,0.15
214277,3,197,4,19,0
214277,4,305,17,15.2,0.1
214277,5,182,2,7.4,0
214278,1,407,7,5.3,0
214278,2,101,20,5.5,0.2
214278,3,317,7,8.1,0
214278,4,392,15,5.7,0.15
214279,1,227,8,6.3,0
214279,2,395,4,5.3,0
214279,3,434,11,4.5,0.15
214279,4,389,16,5.6,0
214279,5,209,7,8.3,0
214279,6,425,20,7.9,0.2
214279,7,443,20,4.5,0.2
214280,1,254,20,8.8,0.2
214280,2,413,6,5.6,0
214280,3,374,11,8.4,0.15
214280,4,341,15,8,0.15
214280,5,167,3,7.8,0
214281,1,425,18,7.9,0.05
214281,2,350,10,13.1,0.15
214282,1,407,3,5.3,0
214282,2,119,20,13.3,0.2
214282,3,323,3,10.8,0
214283,1,467,9,13.9,0.05
214283,2,266,13,18,0.15
214283,3,356,13,12.9,0.15
214283,4,437,2,5.3,0
214284,1,344,3,7,0
214284,2,194,14,6.5,0.15
214285,1,260,8,7.1,0
214285,2,305,6,15.2,0
214285,3,308,2,10.2,0
214285,4,161,19,5.6,0.05
214286,1,293,11,8.6,0.15
214286,2,209,12,8.3,0.15
214286,3,458,18,8,0.05
214286,4,182,9,7.4,0
214287,1,386,12,7.6,0.15
214287,2,392,13,7,0.15
214287,3,425,8,5.9,0
214287,4,110,20,5.6,0.2
214288,1,254,19,8.8,0.05
214288,2,347,20,8.6,0.2
214288,3,395,4,5.2,0
214288,4,452,16,5.3,0
214288,5,416,16,5.6,0
214288,6,428,3,3.8,0
214289,1,377,11,9.9,0.15
214289,2,401,20,5.3,0.2
214289,3,332,16,10.4,0.05
214289,4,335,4,7.4,0
214289,5,185,4,4.3,0
214289,6,317,9,8.1,0
214290,1,455,7,5.3,0
214290,2,113,15,8.8,0.15
214290,3,398,12,7.9,0.15
214290,4,431,11,6,0.15
214290,5,203,17,22.7,0.15
214290,6,173,16,11.6,0.05
214291,1,362,9,8.4,0
214291,2,383,3,5.5,0
214292,1,101,11,3.9,0.15
214292,2,404,13,5.8,0.15
214292,3,413,18,7.6,0.05
214293,1,269,6,8.4,0
214293,2,434,3,4.5,0
214293,3,383,19,7.2,0.05
214293,4,386,18,5.6,0.05
214294,1,227,5,6.3,0
214294,2,398,20,5.9,0.2
214294,3,413,8,5.6,0
214294,4,425,1,7.9,0
214294,5,158,4,6.9,0
214295,1,275,13,8,0.15
214295,2,344,5,7,0
214295,3,452,16,5.3,0
214295,4,386,9,5.6,0
214296,1,470,1,15.5,0
214296,2,146,10,13.1,0.15
214296,3,302,12,44.5,0.15
214296,4,248,8,7.2,0
214297,1,224,5,7.4,0
214297,2,206,14,12.2,0.15
214297,3,404,3,7.8,0
214297,4,194,18,6.5,0.05
214298,1,227,5,6.3,0
214298,2,230,17,7,0.05
214298,3,167,3,7.8,0
214298,4,173,9,11.6,0.05
214299,1,107,17,9.5,0.05
214299,2,362,20,8.4,0.2
214299,3,191,11,11.7,0.15
214299,4,359,19,8.1,0.05
214299,5,122,20,6.2,0.2
214300,1,443,13,6.6,0.15
214300,2,398,7,7.9,0
214300,3,206,7,12.2,0
214300,4,221,8,5.3,0
214301,1,371,6,9.1,0
214301,2,128,11,8.2,0.15
214301,3,233,1,7.1,0
214302,1,422,20,5.3,0.2
214302,2,314,18,6.4,0.05
214302,3,107,15,9.5,0.15
214302,4,302,11,44.5,0.15
214302,5,248,2,7.2,0
214303,1,401,2,4.5,0
214303,2,227,7,6.3,0
214303,3,422,14,4.5,0.15
214303,4,404,2,5.8,0
214304,1,245,18,5.8,0.05
214304,2,188,20,3.9,0.2
214304,3,317,3,7.2,0
214304,4,299,4,11.9,0
214305,1,410,6,5.3,0
214305,2,242,13,7.7,0.15
214305,3,425,19,5.9,0.05
214306,1,140,12,7.5,0.15
214306,2,413,5,5.6,0
214306,3,383,20,5.5,0.2
214306,4,119,1,13.3,0
214306,5,305,17,15.2,0.1
214306,6,152,15,8.9,0.15
214307,1,440,18,7.7,0.05
214307,2,185,9,5.3,0
214307,3,446,12,5.6,0.15
214307,4,350,7,13.1,0
214307,5,452,5,5.3,0
214308,1,353,17,13.7,0.1
214308,2,377,6,9.9,0
214308,3,401,19,5.3,0.05
214308,4,266,8,18,0.05
214308,5,443,9,4.5,0
214309,1,443,13,6.6,0.15
214309,2,215,15,7.4,0.15
214309,3,176,10,11.5,0.15
214309,4,374,10,8.4,0.15
214309,5,359,7,12.9,0
214310,1,407,11,4.5,0.15
214310,2,440,4,5.9,0
214310,3,431,14,6,0.15
214310,4,242,13,7.7,0.15
214310,5,425,13,5.9,0.15
214310,6,161,17,5.6,0
214311,1,278,5,8,0
214311,2,464,10,6.8,0.15
214311,3,290,8,8,0
214311,4,101,3,3.9,0
214312,1,269,6,8.4,0
214312,2,146,9,9.1,0
214312,3,341,3,8,0
214313,1,224,7,7.4,0
214313,2,386,16,7.6,0.05
214313,3,215,6,7.4,0
214313,4,299,18,11.9,0.1
214314,1,314,13,6.4,0.15
214314,2,395,1,5.3,0
214314,3,206,19,12.2,0.1
214314,4,266,11,18,0.15
214314,5,179,4,12.8,0
214315,1,134,18,10.3,0.05
214315,2,413,11,5.6,0.15
214315,3,146,3,9.1,0
214315,4,158,2,6.9,0
214316,1,380,10,9.3,0.15
214316,2,137,3,19.8,0
214317,1,443,12,6.6,0.15
214317,2,311,17,8.9,0.05
214317,3,413,2,5.6,0
214317,4,386,11,5.6,0.15
214317,5,296,18,8.8,0.05
214317,6,281,20,7.7,0.2
214318,1,125,17,7,0.05
214318,2,137,6,19.8,0.05
214318,3,317,18,7.2,0.05
214318,4,326,13,4.7,0.15
214319,1,332,11,10.4,0.15
214319,2,236,19,6.9,0.05
214319,3,257,1,10.9,0
214319,4,305,19,15.2,0.1
214319,5,173,9,11.6,0.05
214320,1,200,14,8.3,0.15
214320,2,407,19,4.5,0
214320,3,434,14,5.3,0.15
214320,4,317,14,7.2,0.15
214320,5,452,3,4.5,0
214320,6,404,2,5.8,0
214321,1,134,19,10.3,0.05
214321,2,200,16,8.3,0.05
214321,3,293,6,8.6,0
214322,1,116,6,8.1,0
214322,2,275,13,8,0.15
214322,3,446,10,5.6,0.15
214322,4,131,10,10.9,0.15
214323,1,422,11,5.3,0.15
214323,2,269,9,8.4,0
214323,3,140,10,7.5,0.15
214323,4,227,19,6.3,0.05
214323,5,251,3,3.8,0
214324,1,386,12,7.6,0.15
214324,2,398,6,5.9,0
214324,3,383,8,7.2,0
214324,4,320,7,6.7,0
214324,5,230,2,7,0
214324,6,404,9,5.8,0
214325,1,107,8,9.5,0
214325,2,383,4,5.5,0
214325,3,101,20,3.9,0.2
214326,1,362,11,8.4,0.15
214326,2,431,14,7.9,0.15
214326,3,395,18,5.3,0
214326,4,104,8,7.4,0
214326,5,185,8,4.3,0
214326,6,143,15,9.9,0.15
214327,1,371,17,9.1,0.05
214327,2,398,13,7.9,0.15
214327,3,434,2,4.5,0
214327,4,389,17,5.6,0
214328,1,113,17,8.8,0.05
214328,2,434,10,4.5,0.15
214328,3,326,3,4.7,0
214329,1,392,17,7,0.05
214329,2,332,19,10.4,0.05
214329,3,413,12,5.6,0.15
214329,4,446,3,5.6,0
214329,5,458,16,14.7,0.1
214330,1,443,6,6.6,0
214330,2,107,3,9.5,0
214330,3,401,15,4.5,0.15
214331,1,347,1,8.6,0
214331,2,407,7,4.5,0
214331,3,344,8,7,0
214331,4,344,3,3.8,0
214332,1,116,15,8.1,0.15
214332,2,443,19,6.6,0.05
214332,3,200,8,8.3,0
214332,4,380,4,9.3,0
214332,5,221,9,5.3,0
214332,6,404,19,5.8,0.05
214332,7,182,10,7.4,0.15
214333,1,125,20,7,0.2
214333,2,425,20,7.9,0.2
214333,3,197,17,19,0.15
214333,4,221,11,5.3,0.15
214334,1,371,3,9.1,0
214334,2,368,2,9.5,0
214334,3,449,10,5.6,0.15
214334,4,104,11,7.4,0.15
214334,5,203,2,22.7,0
214334,6,287,1,9.9,0
214335,1,440,18,7.7,0.05
214335,2,449,6,5.6,0
214335,3,185,17,4.3,0
214335,4,236,10,6.9,0.15
214336,1,125,1,7,0
214336,2,245,13,5.8,0.15
214336,3,317,12,8.1,0.15
214336,4,374,12,8.4,0.15
214336,5,458,2,8,0
214336,6,308,3,10.2,0
214337,1,416,16,5.6,0
214337,2,230,10,7,0.15
214337,3,131,11,10.9,0.15
214337,4,461,7,16.1,0.05
214338,1,440,12,7.7,0.15
214338,2,233,1,7.1,0
214339,1,434,16,4.5,0
214339,2,356,16,12.9,0.1
214339,3,308,2,10.2,0
214339,4,161,7,5.6,0
214340,1,116,7,8.1,0
214340,2,422,20,5.3,0.2
214340,3,362,6,8.4,0
214340,4,212,20,7.2,0.2
214340,5,287,8,9.9,0
214340,6,155,1,7.4,0
214341,1,134,8,10.3,0
214341,2,338,2,8.2,0
214341,3,428,9,7,0
214341,4,101,5,3.9,0
214342,1,146,8,9.1,0
214342,2,188,2,3.9,0
214342,3,233,7,7.1,0
214343,1,134,10,10.3,0.15
214343,2,269,15,8.4,0.15
214343,3,398,18,5.9,0.05
214343,4,119,11,13.3,0.15
214343,5,230,10,7,0.15
214344,1,176,7,11.5,0
214344,2,428,3,7,0
214344,3,179,12,12.8,0.15
214344,4,299,14,11.9,0.15
214344,5,281,15,7.7,0.15
214345,1,107,20,9.5,0.2
214345,2,245,20,5.8,0.2
214345,3,248,4,7.2,0
214345,4,356,14,12.9,0.15
214345,5,287,15,9.9,0.15
214346,1,293,20,8.6,0.2
214346,2,419,13,6.4,0.15
214346,3,242,7,7.7,0
214346,4,317,14,7.2,0.15
214347,1,344,8,7,0
214347,2,344,6,3.8,0
214347,3,239,4,15.3,0
214347,4,317,12,7.2,0.15
214347,5,170,12,12.9,0.15
214347,6,131,2,10.9,0
214348,1,455,19,5.3,0.05
214348,2,107,11,9.5,0.15
214348,3,437,12,4.5,0.15
214348,4,101,12,5.5,0.15
214349,1,347,19,8.6,0.05
214349,2,185,5,5.3,0
214349,3,176,18,11.5,0.1
214349,4,386,8,5.6,0
214349,5,248,4,7.2,0
214350,1,125,17,7,0.05
214350,2,176,2,11.5,0
214350,3,458,20,14.7,0.2
214350,4,386,13,5.6,0.15
214350,5,173,4,11.6,0
214351,1,422,7,5.3,0
214351,2,443,20,6.6,0.2
214351,3,107,4,9.5,0
214351,4,395,18,5.2,0
214351,5,302,13,44.5,0.15
214351,6,263,7,6.7,0
214352,1,380,3,9.3,0
214352,2,308,20,10.2,0.2
214352,3,152,8,8.9,0
214353,1,302,14,44.5,0.15
214353,2,290,18,8,0.05
214353,3,458,2,8,0
214353,4,161,5,5.6,0
214354,1,344,19,7,0.05
214354,2,257,19,10.9,0.1
214354,3,422,11,4.5,0.15
214354,4,317,19,8.1,0.05
214354,5,179,17,12.8,0.1
214355,1,449,6,5.6,0
214355,2,431,18,6,0.05
214355,3,383,19,5.5,0.05
214355,4,251,12,3.8,0.15
214355,5,152,18,8.9,0.05
214356,1,443,16,6.6,0.05
214356,2,209,11,8.3,0.15
214356,3,158,4,6.9,0
214356,4,167,15,7.8,0.15
214356,5,173,3,11.6,0
214357,1,344,3,7,0
214357,2,230,10,7,0.15
214357,3,341,20,8,0.2
214357,4,194,11,6.5,0.15
214358,1,197,16,19,0.15
214358,2,437,8,5.3,0
214358,3,461,19,16.1,0.15
214358,4,167,7,7.8,0
214359,1,455,15,5.3,0.15
214359,2,242,4,7.7,0
214359,3,197,6,19,0.05
214359,4,230,9,7,0
214360,1,449,17,7.6,0.05
214360,2,380,14,9.3,0.15
214360,3,185,20,4.3,0.2
214361,1,224,14,7.4,0.15
214361,2,146,5,9.1,0
214361,3,128,7,8.2,0
214361,4,392,13,5.7,0.15
214362,1,275,1,8,0
214362,2,332,1,10.4,0
214362,3,101,1,3.9,0
214362,4,404,6,5.8,0
214363,1,185,1,4.3,0
214363,2,197,10,19,0.15
214363,3,308,4,10.2,0
214363,4,173,10,11.6,0.15
214364,1,224,3,7.4,0
214364,2,311,12,8.9,0.15
214364,3,140,7,7.5,0
214364,4,446,19,5.6,0.05
214364,5,410,7,4.5,0
214365,1,437,4,4.5,0
214365,2,446,6,5.6,0
214365,3,143,2,9.9,0
214365,4,122,6,6.2,0
214366,1,407,16,5.3,0
214366,2,431,1,7.9,0
214366,3,203,1,22.7,0
214366,4,263,15,6.7,0.15
214366,5,170,1,12.9,0
214367,1,470,20,15.5,0.2
214367,2,377,19,9.9,0.05
214367,3,464,10,12.3,0.15
214367,4,101,15,3.9,0.15
214367,5,230,15,7,0.15
214367,6,287,1,9.9,0
214368,1,455,19,5.3,0.05
214368,2,107,8,9.5,0
214368,3,185,9,4.3,0
214368,4,266,4,18,0
214368,5,221,3,5.3,0
214368,6,110,10,5.6,0.15
214369,1,224,3,7.4,0
214369,2,119,17,13.3,0.1
214369,3,461,10,16.1,0.15
214369,4,179,5,12.8,0
214370,1,275,19,8,0.05
214370,2,386,14,7.6,0.15
214370,3,257,3,10.9,0
214370,4,179,6,12.8,0
214371,1,278,19,8,0.05
214371,2,335,19,7.4,0.05
214371,3,263,2,6.7,0
214372,1,191,9,11.7,0.05
214372,2,245,7,5.8,0
214372,3,119,13,13.3,0.15
214372,4,317,5,7.2,0
214372,5,404,2,7.8,0
214372,6,182,12,7.4,0.15
214373,1,443,15,6.6,0.15
214373,2,200,6,8.3,0
214373,3,398,13,7.9,0.15
214373,4,344,1,7,0
214373,5,164,13,22,0.15
214374,1,146,20,9.1,0.2
214374,2,251,7,3.8,0
214374,3,341,18,8,0.05
214374,4,299,20,11.9,0.2
214375,1,425,11,7.9,0.15
214375,2,350,6,13.1,0
214375,3,452,12,5.3,0.15
214375,4,152,16,8.9,0.05
214376,1,353,9,13.7,0.05
214376,2,419,19,6.4,0.05
214376,3,434,3,5.3,0
214376,4,257,2,10.9,0
214376,5,158,14,6.9,0.15
214377,1,224,9,7.4,0
214377,2,275,7,8,0
214377,3,179,8,12.8,0.05
214377,4,173,19,11.6,0.1
214378,1,362,6,8.4,0
214378,2,383,10,5.5,0.15
214378,3,152,3,8.9,0
214378,4,182,9,7.4,0
214379,1,458,14,14.7,0.15
214379,2,170,7,12.9,0
214379,3,308,10,10.2,0.15
214380,1,422,11,5.3,0.15
214380,2,395,16,5.2,0
214380,3,449,5,5.6,0
214380,4,440,1,5.9,0
214380,5,434,5,4.5,0
214381,1,455,7,5.3,0
214381,2,338,18,8.2,0.05
214381,3,344,17,3.8,0
214381,4,119,12,13.3,0.15
214381,5,452,6,4.5,0
214382,1,224,19,7.4,0.05
214382,2,470,14,15.5,0.15
214382,3,410,3,4.5,0
214382,4,305,19,15.2,0.1
214383,1,377,19,9.9,0.05
214383,2,176,17,11.5,0.05
214383,3,392,15,5.7,0.15
214384,1,278,7,8,0
214384,2,467,15,13.9,0.15
214384,3,263,5,6.7,0
214384,4,248,12,7.2,0.15
214384,5,428,8,3.8,0
214384,6,284,4,9.6,0
214385,1,377,5,9.9,0
214386,1,146,8,9.1,0
214386,2,245,11,5.8,0.15
214386,3,263,8,6.7,0
214386,4,452,16,4.5,0
214386,5,221,16,5.3,0
214386,6,413,12,7.6,0.15
214387,1,377,4,9.9,0
214387,2,437,19,4.5,0
214387,3,413,12,5.6,0.15
214387,4,185,10,4.3,0.15
214387,5,179,19,12.8,0.1
214388,1,191,5,11.7,0
214388,2,323,9,10.8,0
214388,3,437,11,5.3,0.15
214388,4,155,9,7.4,0
214389,1,278,3,8,0
214389,2,209,1,8.3,0
214389,3,266,6,18,0.05
214389,4,290,1,8,0
214389,5,287,7,9.9,0
214390,1,380,12,9.3,0.15
214390,2,104,4,7.4,0
214390,3,164,3,22,0
214390,4,305,14,15.2,0.15
214390,5,356,11,12.9,0.15
214391,1,440,7,7.7,0
214391,2,464,4,6.8,0
214391,3,293,20,8.6,0.2
214391,4,131,13,10.9,0.15
214392,1,449,4,7.6,0
214392,2,122,11,6.2,0.15
214392,3,155,20,7.4,0.2
214393,1,437,7,4.5,0
214393,2,395,2,5.3,0
214393,3,413,13,5.6,0.15
214393,4,437,6,5.3,0
214394,1,224,9,7.4,0
214394,2,203,17,22.7,0.15
214394,3,221,13,5.3,0.15
214394,4,326,20,4.7,0.2
214394,5,299,17,11.9,0.1
214395,1,422,9,5.3,0
214395,2,371,3,9.1,0
214395,3,125,6,7,0
214395,4,425,14,5.9,0.15
214395,5,443,4,4.5,0
214395,6,452,17,4.5,0
214395,7,167,17,7.8,0.05
214396,1,419,2,6.4,0
214396,2,137,19,19.8,0.15
214396,3,428,15,3.8,0.15
214397,1,398,10,7.9,0.15
214397,2,446,5,5.6,0
214397,3,242,6,7.7,0
214397,4,467,18,13.9,0.1
214397,5,197,19,19,0.15
214398,1,443,8,6.6,0
214398,2,446,9,5.6,0
214398,3,101,7,5.5,0
214398,4,317,19,7.2,0.05
214399,1,398,18,7.9,0.05
214399,2,395,16,5.3,0
214399,3,146,1,9.1,0
214399,4,257,2,10.9,0
214399,5,359,8,12.9,0.05
214400,1,422,6,5.3,0
214400,2,470,5,15.5,0
214400,3,242,2,7.7,0
214400,4,164,2,22,0
214401,1,104,18,7.4,0.05
214401,2,425,14,7.9,0.15
214401,3,266,19,18,0.15
214401,4,260,1,7.1,0
214401,5,263,9,6.7,0
214401,6,284,9,9.6,0
214402,1,386,14,7.6,0.15
214402,2,464,18,6.8,0.05
214402,3,266,2,18,0
214403,1,254,7,8.8,0
214403,2,176,5,11.5,0
214403,3,458,13,14.7,0.15
214403,4,284,7,9.6,0
214404,1,314,10,6.4,0.15
214404,2,107,19,9.5,0.05
214404,3,182,15,7.4,0.15
214405,1,392,4,7,0
214405,2,419,13,6.4,0.15
214405,3,203,2,22.7,0
214405,4,356,7,12.9,0
214405,5,131,7,10.9,0
214405,6,299,14,11.9,0.15
214406,1,293,10,8.6,0.15
214406,2,221,20,5.3,0.2
214406,3,305,12,15.2,0.15
214406,4,404,7,5.8,0
214406,5,167,3,7.8,0
214407,1,275,13,8,0.15
214407,2,356,9,12.9,0.05
214407,3,437,5,5.3,0
214407,4,461,6,16.1,0
214408,1,116,19,8.1,0.05
214408,2,353,7,13.7,0
214408,3,395,6,5.2,0
214408,4,164,9,22,0.05
214408,5,404,17,7.8,0.05
214409,1,272,3,8,0
214409,2,326,12,4.7,0.15
214410,1,425,16,7.9,0.05
214410,2,119,15,13.3,0.15
214410,3,179,14,12.8,0.15
214410,4,155,4,7.4,0
214411,1,443,6,6.6,0
214411,2,401,8,4.5,0
214411,3,419,9,5.8,0
214412,1,137,9,19.8,0.05
214412,2,419,18,5.8,0.05
214412,3,101,3,3.9,0
214412,4,308,14,10.2,0.15
214413,1,353,7,6,0
214413,2,431,4,6,0
214413,3,302,3,44.5,0.05
214413,4,443,11,4.5,0.15
214413,5,158,18,6.9,0.05
214413,6,359,17,12.9,0.1
214414,1,368,12,9.5,0.15
214414,2,227,5,6.3,0
214414,3,419,20,5.8,0.2
214414,4,392,14,5.7,0.15
214414,5,131,13,10.9,0.15
214415,1,215,3,7.4,0
214415,2,146,11,9.1,0.15
214415,3,197,20,19,0.2
214415,4,428,13,3.8,0.15
214416,1,278,7,8,0
214416,2,215,18,7.4,0.05
214416,3,344,11,3.8,0.15
214416,4,374,13,8.4,0.15
214417,1,200,1,8.3,0
214417,2,368,10,9.5,0.15
214417,3,122,20,6.2,0.2
214417,4,131,3,10.9,0
214418,1,107,10,9.5,0.15
214418,2,191,8,11.7,0
214418,3,173,1,11.6,0
214419,1,395,2,5.3,0
214419,2,293,9,8.6,0
214419,3,191,1,11.7,0
214419,4,344,8,3.8,0
214419,5,452,7,5.3,0
214420,1,101,8,5.5,0
214420,2,137,9,19.8,0.05
214420,3,350,3,13.1,0
214420,4,299,16,11.9,0.05
214421,1,314,1,6.4,0
214421,2,101,7,5.5,0
214421,3,452,9,5.3,0
214421,4,260,6,7.1,0
214422,1,383,3,7.2,0
214422,2,422,8,4.5,0
214422,3,287,11,9.9,0.15
214423,1,401,16,4.5,0
214423,2,407,20,4.5,0.2
214423,3,146,17,13.1,0.1
214423,4,419,17,5.8,0
214423,5,416,20,5.6,0.2
214423,6,296,14,8.8,0.15
214424,1,338,3,8.2,0
214424,2,140,14,7.5,0.15
214424,3,440,3,5.9,0
214424,4,314,8,6.4,0
214424,5,188,6,3.9,0
214425,1,332,9,10.4,0
214425,2,344,14,7,0.15
214425,3,119,19,13.3,0.1
214425,4,413,17,7.6,0.05
214426,1,389,13,5.6,0.15
214426,2,101,16,5.5,0
214426,3,158,18,6.9,0.05
214426,4,173,8,11.6,0
214427,1,269,2,8.4,0
214427,2,428,6,7,0
214427,3,422,5,4.5,0
214428,1,113,13,8.8,0.15
214428,2,395,4,5.3,0
214428,3,350,1,13.1,0
214428,4,203,16,22.7,0.15
214428,5,119,9,13.3,0.05
214429,1,107,2,9.5,0
214429,2,395,5,5.2,0
214429,3,332,7,10.4,0
214429,4,248,12,7.2,0.15
214429,5,308,6,10.2,0
214430,1,311,20,8.9,0.2
214430,2,146,20,9.1,0.2
214430,3,350,20,13.1,0.2
214430,4,236,6,6.9,0
214430,5,437,20,5.3,0.2
214431,1,377,1,9.9,0
214431,2,398,18,7.9,0.05
214431,3,416,10,5.6,0.15
214431,4,413,7,7.6,0
214431,5,392,1,5.7,0
214432,1,344,16,7,0.05
214432,2,239,8,15.3,0.05
214432,3,221,11,5.3,0.15
214432,4,251,14,3.8,0.15
214433,1,134,8,10.3,0
214433,2,185,4,5.3,0
214433,3,314,7,6.4,0
214434,1,455,5,5.3,0
214434,2,449,5,5.6,0
214434,3,104,16,7.4,0.05
214434,4,428,8,3.8,0
214435,1,392,6,7,0
214435,2,416,2,5.6,0
214435,3,233,15,7.1,0.15
214435,4,179,18,12.8,0.1
214436,1,254,1,8.8,0
214436,2,395,18,5.3,0
214436,3,404,7,7.8,0
214437,1,434,9,4.5,0
214437,2,266,14,18,0.15
214437,3,452,12,4.5,0.15
214437,4,392,14,5.7,0.15
214437,5,287,11,9.9,0.15
214437,6,194,10,6.5,0.15
214438,1,371,15,9.1,0.15
214438,2,353,18,6,0.05
214438,3,362,19,8.4,0.05
214438,4,410,20,4.5,0.2
214438,5,251,4,3.8,0
214439,1,347,7,8.6,0
214439,2,383,16,5.5,0
214440,1,242,2,7.7,0
214440,2,185,14,4.3,0.15
214440,3,452,18,5.3,0
214440,4,383,19,7.2,0.05
214440,5,416,1,6.4,0
214441,1,116,10,8.1,0.15
214441,2,242,3,7.7,0
214441,3,320,9,6.7,0
214441,4,326,9,4.7,0
214441,5,284,13,9.6,0.15
214442,1,434,11,4.5,0.15
214442,2,146,5,13.1,0
214442,3,242,15,7.7,0.15
214442,4,191,17,11.7,0.05
214443,1,431,18,7.9,0.05
214443,2,344,11,7,0.15
214443,3,320,5,6.7,0
214443,4,212,1,7.2,0
214444,1,347,8,8.6,0
214444,2,383,14,7.2,0.15
214444,3,308,4,10.2,0
214444,4,323,12,10.8,0.15
214445,1,197,2,19,0
214445,2,248,17,7.2,0.05
214446,1,425,17,7.9,0.05
214446,2,416,12,5.6,0.15
214446,3,416,3,6.4,0
214446,4,356,18,12.9,0.1
214446,5,437,3,5.3,0
214447,1,350,10,13.1,0.15
214447,2,452,4,4.5,0
214447,3,404,11,7.8,0.15
214448,1,311,4,8.9,0
214448,2,338,20,8.2,0.2
214448,3,344,4,7,0
214448,4,158,13,6.9,0.15
214448,5,182,2,7.4,0
214449,1,407,6,4.5,0
214449,2,440,13,5.9,0.15
214449,3,419,3,5.8,0
214450,1,353,11,13.7,0.15
214450,2,254,9,8.8,0
214450,3,356,17,12.9,0.1
214451,1,125,6,7,0
214451,2,416,18,5.6,0.05
214451,3,152,12,8.9,0.15
214451,4,461,13,16.1,0.15
214451,5,284,16,9.6,0.05
214452,1,449,1,7.6,0
214452,2,467,7,13.9,0
214452,3,197,18,19,0.15
214452,4,110,5,5.6,0
214453,1,107,18,9.5,0.05
214453,2,272,13,8,0.15
214453,3,194,10,6.5,0.15
214453,4,110,19,5.6,0.05
214454,1,365,13,7.5,0.15
214454,2,266,13,18,0.15
214454,3,416,6,5.6,0
214454,4,308,4,10.2,0
214455,1,401,20,4.5,0.2
214455,2,302,17,44.5,0.25
214455,3,299,9,11.9,0.05
214456,1,383,6,7.2,0
214456,2,359,4,12.9,0
214456,3,404,15,7.8,0.15
214456,4,179,18,12.8,0.1
214457,1,455,12,5.3,0.15
214457,2,401,2,5.3,0
214457,3,227,18,6.3,0.05
214457,4,203,6,22.7,0.05
214457,5,143,11,9.9,0.15
214457,6,458,15,8,0.15
214458,1,386,13,7.6,0.15
214458,2,269,17,8.4,0.05
214458,3,332,13,10.4,0.15
214458,4,176,2,11.5,0
214458,5,143,8,9.9,0
214459,1,440,20,7.7,0.2
214459,2,134,11,10.3,0.15
214459,3,254,8,8.8,0
214459,4,431,3,6,0
214459,5,239,4,15.3,0
214460,1,455,16,5.3,0
214460,2,398,4,7.9,0
214460,3,125,3,7,0
214460,4,185,2,5.3,0
214460,5,431,9,7.9,0
214460,6,431,20,6,0.2
214461,1,377,20,9.9,0.2
214461,2,368,8,9.5,0
214461,3,440,7,5.9,0
214461,4,101,1,5.5,0
214461,5,416,3,5.6,0
214462,1,239,10,15.3,0.15
214462,2,122,19,6.2,0.05
214462,3,392,18,5.7,0.05
214463,1,290,2,8,0
214463,2,416,6,5.6,0
214463,3,233,20,7.1,0.2
214463,4,341,6,8,0
214463,5,182,13,7.4,0.15
214463,6,110,5,5.6,0
214464,1,335,9,7.4,0
214464,2,191,15,11.7,0.15
214464,3,236,3,6.9,0
214464,4,143,18,9.9,0.05
214464,5,308,14,10.2,0.15
214465,1,116,5,8.1,0
214465,2,188,18,3.9,0
214465,3,428,19,3.8,0
214466,1,209,15,8.3,0.15
214466,2,383,7,7.2,0
214466,3,281,15,7.7,0.15
214467,1,224,9,7.4,0
214467,2,383,1,5.5,0
214467,3,101,5,5.5,0
214467,4,386,8,5.6,0
214468,1,254,2,8.8,0
214468,2,386,15,7.6,0.15
214468,3,191,4,11.7,0
214468,4,416,15,5.6,0.15
214469,1,437,1,4.5,0
214469,2,401,11,5.3,0.15
214469,3,392,4,7,0
214469,4,344,9,7,0
214469,5,101,7,3.9,0
214470,1,314,5,6.4,0
214470,2,215,14,7.4,0.15
214470,3,413,8,5.6,0
214470,4,245,20,5.8,0.2
214470,5,194,16,6.5,0.05
214471,1,134,6,10.3,0
214471,2,257,10,10.9,0.15
214471,3,422,18,4.5,0
214471,4,158,19,6.9,0.05
214471,5,248,8,7.2,0
214471,6,230,19,7,0.05
214471,7,287,15,9.9,0.15
214472,1,440,15,5.9,0.15
214472,2,380,12,9.3,0.15
214472,3,317,9,7.2,0
214472,4,212,12,7.2,0.15
214472,5,167,12,7.8,0.15
214473,1,407,15,4.5,0.15
214473,2,314,2,6.4,0
214473,3,434,1,5.3,0
214473,4,239,19,15.3,0.1
214474,1,413,14,5.6,0.15
214474,2,146,2,9.1,0
214474,3,242,12,7.7,0.15
214474,4,245,4,5.8,0
214474,5,308,20,10.2,0.2
214475,1,353,19,6,0.05
214475,2,269,6,8.4,0
214475,3,104,16,7.4,0.05
214475,4,458,2,14.7,0
214475,5,308,4,10.2,0
214476,1,227,1,6.3,0
214476,2,455,16,5.2,0
214476,3,263,8,6.7,0
214476,4,305,1,15.2,0
214476,5,323,2,10.8,0
214477,1,422,6,5.3,0
214477,2,437,18,4.5,0
214477,3,344,15,7,0.15
214477,4,137,5,19.8,0
214478,1,422,12,5.3,0.15
214478,2,407,1,5.3,0
214478,3,440,11,5.9,0.15
214478,4,446,7,5.6,0
214478,5,374,7,8.4,0
214479,1,134,15,10.3,0.15
214479,2,275,5,8,0
214479,3,209,9,8.3,0
214479,4,203,15,22.7,0.15
214479,5,326,5,4.7,0
214480,1,125,18,7,0.05
214480,2,227,1,6.3,0
214480,3,374,20,8.4,0.2
214480,4,173,4,11.6,0
214481,1,254,7,8.8,0
214481,2,353,5,6,0
214481,3,467,7,13.9,0
214481,4,410,4,4.5,0
214481,5,458,3,8,0
214482,1,377,12,9.9,0.15
214482,2,227,6,6.3,0
214482,3,188,13,3.9,0.15
214482,4,341,5,8,0
214483,1,125,3,7,0
214483,2,434,19,4.5,0
214483,3,122,15,6.2,0.15
214484,1,293,17,8.6,0.05
214484,2,146,7,9.1,0
214484,3,383,11,5.5,0.15
214485,1,422,2,5.3,0
214485,2,266,2,18,0
214485,3,260,13,7.1,0.15
214485,4,416,3,6.4,0
214486,1,176,8,11.5,0
214486,2,434,5,5.3,0
214486,3,317,15,8.1,0.15
214486,4,326,1,4.7,0
214486,5,404,14,5.8,0.15
214487,1,134,10,10.3,0.15
214487,2,107,10,9.5,0.15
214487,3,389,5,5.6,0
214487,4,422,13,4.5,0.15
214488,1,254,15,8.8,0.15
214488,2,407,10,5.3,0.15
214488,3,203,4,22.7,0
214488,4,386,18,5.6,0.05
214488,5,299,5,11.9,0
214489,1,278,1,8,0
214489,2,236,16,6.9,0.05
214489,3,413,5,7.6,0
214489,4,161,10,5.6,0.15
214489,5,167,3,7.8,0
214490,1,113,13,8.8,0.15
214490,2,431,7,6,0
214490,3,461,5,16.1,0
214491,1,113,6,8.8,0
214491,2,227,5,6.3,0
214491,3,446,20,5.6,0.2
214491,4,257,10,10.9,0.15
214491,5,413,18,7.6,0.05
214492,1,395,5,5.3,0
214492,2,215,10,7.4,0.15
214492,3,188,7,3.9,0
214492,4,326,12,4.7,0.15
214492,5,323,16,10.8,0.05
214493,1,254,7,8.8,0
214493,2,398,4,7.9,0
214493,3,344,1,3.8,0
214493,4,437,3,5.3,0
214494,1,332,18,10.4,0.05
214494,2,419,5,6.4,0
214494,3,437,3,5.3,0
214494,4,284,18,9.6,0.05
214495,1,398,10,7.9,0.15
214495,2,389,6,5.6,0
214495,3,164,6,22,0.05
214495,4,248,4,7.2,0
214496,1,224,14,7.4,0.15
214496,2,446,14,5.6,0.15
214496,3,146,18,9.1,0.05
214497,1,470,2,15.5,0
214497,2,365,2,7.5,0
214497,3,413,5,7.6,0
214498,1,257,15,10.9,0.15
214498,2,110,13,5.6,0.15
214498,3,284,6,9.6,0
214499,1,116,16,8.1,0.05
214499,2,224,5,7.4,0
214499,3,176,10,11.5,0.15
214499,4,191,2,11.7,0
214499,5,137,10,19.8,0.15
214500,1,146,10,9.1,0.15
214500,2,383,14,5.5,0.15
214500,3,437,15,5.3,0.15
214501,1,407,15,5.3,0.15
214501,2,158,13,6.9,0.15
214501,3,233,20,7.1,0.2
214502,1,464,3,6.8,0
214502,2,464,11,12.3,0.15
214502,3,401,11,5.3,0.15
214502,4,137,10,19.8,0.15
214502,5,413,3,7.6,0
214503,1,200,8,8.3,0
214503,2,371,13,9.1,0.15
214503,3,392,6,7,0
214503,4,242,15,7.7,0.15
214504,1,311,5,8.9,0
214504,2,293,8,8.6,0
214504,3,284,17,9.6,0.05
214505,1,332,13,10.4,0.15
214505,2,197,5,19,0
214505,3,386,18,5.6,0.05
214505,4,356,13,12.9,0.15
214506,1,278,1,8,0
214506,2,140,14,7.5,0.15
214506,3,428,20,7,0.2
214506,4,203,20,22.7,0.2
214507,1,269,1,8.4,0
214507,2,272,8,8,0
214507,3,230,18,7,0.05
214507,4,152,6,8.9,0
214507,5,461,8,16.1,0.05
214508,1,269,9,8.4,0
214508,2,260,12,7.1,0.15
214508,3,284,14,9.6,0.15
214509,1,470,13,15.5,0.15
214509,2,431,18,7.9,0.05
214509,3,413,2,5.6,0
214509,4,176,10,11.5,0.15
214509,5,344,9,7,0
214509,6,188,15,3.9,0.15
